<selector xmlns:android="http://schemas.android.com/apk/res/android">

    <item android:state_checked="true"><layer-list>
            <item android:left="5.0dip" android:right="5.0dip"><shape android:shape="rectangle">
                    <corners android:radius="4.0dip" />

                    <solid android:color="@color/grey_200" />
                </shape></item>
        </layer-list></item>
    <item><shape android:shape="rectangle">
            <corners android:radius="24.0dip" />

            <solid android:color="@android:color/transparent" />
        </shape></item>

</selector>