<menu xmlns:android="http://schemas.android.com/apk/res/android" xmlns:app="http://schemas.android.com/apk/res-auto">

    <group android:checkableBehavior="single">
        <item android:id="@+id/nav_home" android:icon="@mipmap/ic_launcher" android:title="Home"/>
        <item android:id="@+id/nav_apps" android:icon="@mipmap/ic_launcher" android:title="Apps"/>
        <item android:id="@+id/nav_games" android:icon="@mipmap/ic_launcher" android:title="Games"/>
        <item android:id="@+id/nav_books" android:icon="@mipmap/ic_launcher" android:title="Books"/>
    </group>

    <item android:title="Data &amp; Personalization"><menu>
            <item android:id="@+id/nav_profile" android:icon="@mipmap/ic_launcher" android:title="Profile"/>
            <item android:id="@+id/nav_settings" android:icon="@mipmap/ic_launcher" android:title="Settings"/>
            <item android:id="@+id/nav_about" android:icon="@mipmap/ic_launcher" android:title="About"/>
        </menu></item>

</menu>