<resources>

    <color name="purple_200">#FFBB86FC</color>
    <color name="purple_500">#FF6200EE</color>
    <color name="purple_700">#FF3700B3</color>
    <color name="teal_200">#FF03DAC5</color>
    <color name="teal_700">#FF018786</color>
    <color name="white">#FFFFFFFF</color>
    <color name="black">#ff000000</color>
    <color name="black_alpha_54">#8a000000</color>
    <color name="black_alpha_87">#de000000</color>
    <color name="blue_500">#ff3c8cf0</color>
    <color name="colorAccent">#ff0b55cc</color>
    <color name="colorPrimary">#ffffffff</color>
    <color name="colorPrimaryVariant">#ffffffff</color>
    <color name="colorStatusBar">@android:color/black</color>
    <color name="colorToolBar">#ff6200ee</color>
    <color name="color_hairline_daynight">@color/grey_200</color>
    <color name="dark_sky_blue">#ff3c8cf0</color>
    <color name="error_color_material_dark">#ffff7043</color>
    <color name="error_color_material_light">#ffff5722</color>
    <color name="foreground_material_dark">@android:color/white</color>
    <color name="foreground_material_light">@android:color/black</color>
    <color name="grey_100">#fff5f5f5</color>
    <color name="grey_200">#ffeeeeee</color>
    <color name="grey_300">#ffe0e0e0</color>
    <color name="grey_500">#ff9e9e9e</color>
    <color name="grey_700">#ff757575</color>

</resources>