<resources xmlns:tools="http://schemas.android.com/tools">

    <!-- Base application theme. -->
    <style name="Theme.MyApplication" parent="Theme.MaterialComponents.DayNight.DarkActionBar">

        <!-- Primary brand color. -->
        <item name="colorPrimary">@color/purple_500</item>
        <item name="colorPrimaryVariant">@color/purple_700</item>
        <item name="colorOnPrimary">@color/white</item>
        <!-- Secondary brand color. -->
        <item name="colorSecondary">@color/teal_200</item>
        <item name="colorSecondaryVariant">@color/teal_700</item>
        <item name="colorOnSecondary">@color/black</item>
        <!-- Status bar color. -->
        <item name="android:statusBarColor" tools:targetApi="l">?attr/colorPrimaryVariant</item>
        <!-- Customize your theme here. -->
    </style>

    <style name="AppTheme" parent="@style/Theme.MaterialComponents.DayNight.NoActionBar">
        <item name="android:textColorPrimary">@color/black</item>
        <item name="android:textColorSecondary">@color/grey_700</item>
        <item name="android:statusBarColor">@color/colorPrimaryVariant</item>
        <item name="colorAccent">@color/black</item>
        <item name="colorOnPrimary">@color/black</item>
        <item name="colorOnSecondary">@color/white</item>
        <item name="colorPrimary">@color/white</item>
        <item name="colorPrimaryVariant">@color/white</item>
        <item name="colorSecondary">@color/white</item>
        <item name="colorSecondaryVariant">@color/white</item>
        <item name="android:windowLightStatusBar">true</item>
    </style>

    <style name="NormalTheme" parent="@style/Theme.MaterialComponents.DayNight">
        <item name="android:textColorPrimary">@color/black</item>
        <item name="android:textColorSecondary">@color/black</item>
        <item name="android:statusBarColor">@color/colorPrimaryVariant</item>
        <item name="colorAccent">#ff35344c</item>
        <item name="colorOnPrimary">@color/black</item>
        <item name="colorOnSecondary">@color/white</item>
        <item name="colorPrimary">#ff35344c</item>
        <item name="colorPrimaryVariant">@color/white</item>
        <item name="colorSecondary">@color/white</item>
        <item name="colorSecondaryVariant">@color/white</item>
        <item name="android:windowLightStatusBar">true</item>
    </style>

</resources>